image_name,cat_id
-56lhw2AKjYI0Hnt.jpg,0
-6OdHXCBItIArPyk.jpg,2
-7241lsvPiVpNVFV.jpg,9
-8-0wltLEZBDTM5M.jpg,9
-GcrzANWUmrjk2tb.jpg,7
-H3eW6fAmjabFQEv.jpg,10
-HiiXK6MB6F1u40a.jpg,7
-K5ftb4XBgVegcq7.jpg,10
-PVsEsjibQBimlP0.jpg,9
-Q0Yo_MTjnhzgtN9.jpg,0
-TBD4tIe-a5UP1mh.jpg,7
-Tktdo4X5LgUMvSw.jpg,10
-U9lVuyU3rjePU2w.jpg,10
-dDdmvuCoHRNvJK-.jpg,9
-ga31aOTDSPAk8W0.jpg,5
-jatHKBptixJPEQT.jpg,0
-o4zntf0z1Eu0IJ6.jpg,3
-oeDjNxexoilWeox.jpg,3
-u1wASthhxChx3G5.jpg,5
-vCVFJtJTs7YChq5.jpg,10
-xAm9bKdi9qTCCra.jpg,1
-xq0ILJth3DVCYt2.jpg,5
-zJwe8YBxr85Kqg9.jpg,8
02OB8CEAAq0oyBwZ.jpg,5
02VCtYpDEvYkINWl.jpg,4
03DAx7-4cWGuhEX5.jpg,1
03xupnFJ2o_2kqKa.jpg,7
0BgZnLHZLYz1FmtI.jpg,0
0E9rEioGHMxjdCWj.jpg,10
0EWPPBjWdTUI9GOE.jpg,2
0Ec2a9JMPyN8E691.jpg,4
0GhwqifywrmSbfZK.jpg,1
0KbUyXdr0ZMjaFFm.jpg,6
0L0u1A_aWPUVG5aH.jpg,2
0RJ3OX2VBHElngIk.jpg,3
0VAS0qijlcyjfSfW.jpg,7
0Z5yioYpOoNH-iRv.jpg,2
0jbb92ze77YgRYK7.jpg,4
0r-YN2GLC7NQQcGp.jpg,5
0ull0MeSHKGf3pJF.jpg,7
0umwxpjgv3xtrzyJ.jpg,10
0wyzNFWaH6guStX-.jpg,4
0xg_-CaB8YpE3LBT.jpg,6
0xthRPq5IQSSb0Xh.jpg,4
0yyLOJ-IjDC9fv90.jpg,2
1FRKnFTejuYLMB4w.jpg,1
1G0SAiYEaHRA1ZRk.jpg,1
1NlN_OKl40FQC3Pz.jpg,6
1_b3eGKt9rlVkfQt.jpg,4
1b6QC4gxRbieTrPC.jpg,5
1bHZuYTRaquFU35l.jpg,5
1bt2SzdBV4Sv9Fyz.jpg,5
1esCtoEr2qlBQxMw.jpg,1
1g7BfURN3jfztN-Q.jpg,2
1hcP_Onwgxbq8uyP.jpg,5
1ojSz6gySxug4DHp.jpg,6
1pEVArPfN1QvPqSk.jpg,2
1pH-N16EKKs-iYcU.jpg,7
1q4rveLPqBEgRgLs.jpg,1
1qRddJ0MKyR7dmAh.jpg,2
1sLiR9Y3KXzWX0Dg.jpg,1
1wQICTAoPSpMCs-r.jpg,1
1xw7gAZfNRorjXYp.jpg,0
21CX7zTOyJfO_tge.jpg,1
21bGzJQLeUfS43UE.jpg,8
27Tn5EuM6Gss3i6C.jpg,10
2CV-yQaTTcCpQGgL.jpg,3
2E3LUx7GEuf5jVUh.jpg,4
2Exudd9ynuP4SjE5.jpg,3
2Hl6-HEB-jax97oz.jpg,1
2IO65ZMkvcDhimof.jpg,3
2LXcxOeQF5loaMKU.jpg,1
2Mb1DVI3h1BTo7y0.jpg,5
2OQfu4AWBw1Q-S6X.jpg,5
2SNqYgD0XFkddQ5g.jpg,10
2TtoRZPDc1PGpAZl.jpg,2
2Y589tmFGPZ9CWay.jpg,7
2YMFioSZH8uJs32R.jpg,7
2ar95iikaE408UXR.jpg,5
2oVaKd7pj74DAArM.jpg,2
2voJsOvAEo_ohvR9.jpg,4
2zVBXudf8S72u94A.jpg,8
33XWF2uMPSW-3ds6.jpg,2
350o3r_cOWzvejNx.jpg,10
35ueVoKg3ZfZPis4.jpg,6
37jG7gFwZ8dTCq5J.jpg,1
380NqFnHx5F0pAIY.jpg,1
38gRTJ9AXPVw5gO_.jpg,3
39J6ok1q_S9plAJG.jpg,7
3Di2IQCZwBoPc8Vg.jpg,9
3H2nM8mAeWEuZpNl.jpg,3
3HEl8rZKMWfuM9Z7.jpg,2
3OCn9BBLvFQvI7e1.jpg,9
3O_Du8fmtfLqkPqR.jpg,0
3SKpchskm2eaZjzj.jpg,3
3YRnxcaPs4XGPPV6.jpg,8
3jRFhsjPnpJ0CZ11.jpg,8
3kU1lE-OpOrG09WS.jpg,3
3ltPfUmJFLRfymgR.jpg,9
3mrFx34SnbRqUo41.jpg,5
3n46pQQPTjRRfMkI.jpg,9
3tCT1dXLHivVYMhz.jpg,2
3tmAt4tvLdjBBD-I.jpg,8
4-gkGuKr7F2x-geV.jpg,4
4623DcIlkPhWNzCk.jpg,5
4BwPqaSGTYcnGZx5.jpg,9
4EI6E7xXXSnoTfwG.jpg,7
4HpitTseds6ei5Lu.jpg,9
4IWNLjibX7JUQwBx.jpg,0
4JN4WVIf01yRz4gZ.jpg,8
4MIIqUfR5VJaAfRX.jpg,4
4OPOjWN2qgYHgxB7.jpg,9
4PQC9Latb6LZxzuH.jpg,0
4QrgtEUQLn9D9Nbe.jpg,7
4USz4lnpBlJTpEX9.jpg,10
4XIHJrwejdi9xu6v.jpg,6
4ZPHQVkTnMXVKiRx.jpg,7
4aDfi6t7JYBJCAUO.jpg,5
4eRGjKhV68DAMb64.jpg,8
4fKZcxZH50VaI1pW.jpg,3
4kSy7shZ74sOlISX.jpg,0
4lCfEzcd_9PBtGMG.jpg,6
4wYTQPjehHFzenAb.jpg,7
55rv97OzpiiLrNh9.jpg,3
5AHvsAYlFCaEzJ_d.jpg,0
5B34C1TBGy2OID75.jpg,2
5FXNiTxbmLnkF-Il.jpg,9
5Fo7sANLPtycKigY.jpg,7
5KFlpVn93HU8F0m-.jpg,7
5PzSYcls4aLTCpFi.jpg,2
5YbMUSClF8-qG4UM.jpg,8
5_LFBBZChdeRx8Jt.jpg,2
5ibeXdI0_Cyfi6ba.jpg,6
5nq4AvGUMAfjCte1.jpg,2
5oybP1-Tvcdg0siH.jpg,6
5p2RFwdzV9YEES-i.jpg,5
6-h4SLZh27fVfpSR.jpg,2
627wbXsFizcjISB5.jpg,1
6ALTpgZ3A_37BsQL.jpg,7
6CriuPrkDM7-Kuzy.jpg,2
6DKd9oweg1l9yYYr.jpg,7
6ORxI1IO7tnWkqWI.jpg,3
6PAVSkZCaIwP1hhu.jpg,8
6Q98YXGRLxsi-nJS.jpg,1
6VaxrQNuRQoE_4OZ.jpg,9
6bZaPpg6FTXLSLAh.jpg,3
6g343d9_WbJW5bYN.jpg,10
6h-jiHLqmlrlTXZx.jpg,10
6kj76RY8N1B_Ps4l.jpg,0
6nMHUT9WtOtejPIS.jpg,7
6o58lIz7ialdNGuv.jpg,8
6qhTDhqxlso5JhSd.jpg,7
6rIxNAUFw93W8ZlT.jpg,9
6tmKD0dWyAuelc3s.jpg,7
6uchZQckxU45gdZx.jpg,6
6ynfqdiRluOVhiql.jpg,0
7-Y4XyaUtH9Yl8wH.jpg,1
75I-EqVOhy8DIsuD.jpg,6
79GTqQfijUkchxGS.jpg,1
7DjFJtmv-8a-PxUT.jpg,4
7J_2w0luKdWB1WUt.jpg,5
7WgkG_h4CEpFAEeV.jpg,2
7cQ3whVyNy8y4rWd.jpg,6
7e_vd051sCxtjur2.jpg,0
7edpy0rbXLrL9k6P.jpg,8
7gSr69PUyL2k871d.jpg,4
7ggtVkdUO2Z0Erhr.jpg,4
7im9mKkUm-pMh_gw.jpg,4
7p4Qy2XNlHjkQCYU.jpg,5
7rDfL-487RQTrMfY.jpg,6
7udUn9y4hGL4pr3u.jpg,3
7w_OYQHBroD4aZeu.jpg,5
8491BdlDcF27Stan.jpg,0
8CDsdSTxPm-oNA3H.jpg,9
8DAq4SiF0KZVW7PU.jpg,7
8NoGe49nKzWHQSNX.jpg,1
8PbYtOE_5ny-LAO-.jpg,10
8UdXVWWqvsAswLH-.jpg,3
8VOwS-q25wVfF4-G.jpg,7
8Y4LI7b5p86E23Ny.jpg,4
8YgkAM6GoMLRhxkl.jpg,1
8ckHHc4SArANwfDH.jpg,7
8eAlCQzM2hTKsMaP.jpg,5
8kJyI1i47Z4gcGiY.jpg,7
8lOVD83jsC0S8h2I.jpg,10
8qOS4e9AVMkJUs4f.jpg,4
8zKuLvMrfrhGOEb9.jpg,10
926Gm4ehygOQkQZH.jpg,9
94oW-L7GR7PIUD-Z.jpg,6
95BseBGsKuYuBmVa.jpg,10
96q-c7zL8sLbyU3g.jpg,3
980kdZQWD5xRF6rS.jpg,9
9CgeoBvgWM9ryMR5.jpg,7
9Lg-EJA2XdzoI6kJ.jpg,8
9X5XBnNN3_2gGKI1.jpg,4
9cTQUU-RMAu2L2F8.jpg,7
9cna8euwRfLWF5gP.jpg,4
9e4TJPEcSBoTkzYc.jpg,1
9fH2cDRbSf4hajxT.jpg,5
9lV4ogjliSpOoY1H.jpg,2
9nQmzBJwvFZeG4_P.jpg,5
9o4YbecojZ4Agvv1.jpg,2
9qvi3uZ6KrZyQMl3.jpg,6
9v7eXTyFSiktKsEP.jpg,9
9vhkxvr_rZbsqtbr.jpg,9
A2kK5SbbLPanWxA5.jpg,6
A3q4PVimJJ3dnF_W.jpg,4
A4uIzYujNM9yYz1x.jpg,3
AErWeja3C49Uhx0z.jpg,7
AHbwcvNx8lt8Kv5M.jpg,9
AKgym3dUHoyW20xW.jpg,7
ANARVuI9Py_n46DF.jpg,10
ANkQCEIW822cKd0c.jpg,0
ANlT6YABgQuvbDN-.jpg,8
AOFdcDe05AQyDill.jpg,2
AR2HXO1lt0IoCgnW.jpg,2
ARM0qzZLGjKKZC-F.jpg,5
AY1i0nDWZPq-oVHK.jpg,10
Ac-Yd275YcoP2hb5.jpg,1
Ahmb1XkT24WEi8yN.jpg,9
AiMpFTxuRUTosgTz.jpg,1
AimyrnebZ7V7VRBe.jpg,7
ApOuZhlWB32wMW57.jpg,1
AsRsz4jLGsQ-ZW1n.jpg,10
Ay3UbF83o4MeflZ9.jpg,2
B2n4o-LUTgRAFED9.jpg,9
BOYXsFtw67OJl9AB.jpg,4
BWQ0rmKbihUh6sxR.jpg,10
BdokBH4XYYXEktJI.jpg,10
Be7wVvq2LM1smzNM.jpg,6
BipjIVf5zD_Ccf0l.jpg,2
Bj6vta0D4JZqCCuP.jpg,10
BkWYGSk6Dz8cW9mX.jpg,9
BoX3Dwprb6qn8nFn.jpg,9
BouoJYGHhqLZdGA4.jpg,1
Bq_EuhXfM37xsatp.jpg,6
BrKLsP6MiFOoxnQK.jpg,9
Bsan0ccI_byoRjOo.jpg,6
Bt0JQkoFceGcmdRD.jpg,4
BtXWHd2tJOhb-DH4.jpg,10
ByVUwbPvmxsTPn8d.jpg,2
C4eFR4FVG6tuXQF8.jpg,2
CBCtLFwtpKspbtAm.jpg,4
CISwPOvv8SLLhW6P.jpg,4
CR_92lFNI59-XEo_.jpg,7
CXjwImFaVvfSKcmO.jpg,8
Cd_5uLOVim1gb8vJ.jpg,10
CjyoRLtC9sW4mLsf.jpg,5
CkK4Z0mXTU7zfVP8.jpg,8
Cn0wmGdJ5NZ7jLAB.jpg,8
CotPA7gJ1rlSWcCr.jpg,0
CqSON78MpqWtH3Ne.jpg,0
Cwioc7xOMPuCYrFq.jpg,2
CyLfvCs7RsAsNFeJ.jpg,3
D2j375h6pyVI1MdK.jpg,4
D3YaGTUq0cBLW22N.jpg,0
D6jb2EY4NdMn5vio.jpg,7
DA1wd98PKZbAUBxQ.jpg,0
DBJGJacKfMxjSwGS.jpg,5
DF6Z0DXQ5zOsFXLm.jpg,9
DFG29jW1TZ6tRAUo.jpg,4
DGaJ7t5uxQp-9qJd.jpg,6
DHTH9fypFYrMNSfd.jpg,4
DMuAZiWMJq96RE59.jpg,0
DNAD3Iu54aIdOQN2.jpg,0
DNJSHPBVBRxYlgT2.jpg,9
DNmjPbihpV1drE3L.jpg,3
DOkXFAr5z-62cZtz.jpg,9
DZ8tWlTzDSPIxlv0.jpg,6
Dl6dUA_P72iaV_Gk.jpg,9
DmZ-VcA9ZZYxm8zj.jpg,5
DryYrEKg9Ty0Bgb4.jpg,8
DstUfi-DLRRbrP3B.jpg,3
DtLODVkRoQKRg0O1.jpg,9
DuG437zzWhxT4F1C.jpg,9
DuuQIrqQHbK1Rzo7.jpg,0
DwGQuHf_CUvfnytX.jpg,9
E94WHDtREg_4UKx0.jpg,1
EDCt8y5vsVRL3lLB.jpg,0
EGauwIJ15F2VIQtO.jpg,3
EIXV8lsNugbXnuNh.jpg,10
EM9_I3yFs1iSgbDl.jpg,6
ETa1lqhM-2SA6JDI.jpg,1
EbKt1UMo0q2KNSMQ.jpg,4
EcTDPh5m43PspXm1.jpg,3
Ecshom3CCxgqMvWn.jpg,0
Edn95JAgP_say1sJ.jpg,4
EiUXMfXaWDkHTDgy.jpg,5
EnLcWfGttS1qtadr.jpg,4
EpQZ3frs6Uu6f0a0.jpg,2
EpSMyKQzHvBgobkE.jpg,1
Ew_VFXN1-fpyXy0m.jpg,10
F1FH7jMDGjGK_LYy.jpg,10
F6ulKoGxnp97ms9A.jpg,2
F8q1MSFCfo17_pFq.jpg,10
F9u5wOsKPxsfqx01.jpg,8
FB0MQJUlljHnQMbI.jpg,7
FCKViAr_j2bGNad-.jpg,4
FEdO1zGd78FI64_0.jpg,6
FFgpeaXufRHDg6EV.jpg,4
FSfoLOKV0gAcKjc4.jpg,4
FWQTPQoCGtlG6WOc.jpg,2
FX8HuVL-tPG8WQwz.jpg,6
FZgM49xig56LsNO4.jpg,6
FfojmXjNzIO3LlqK.jpg,2
FhgsCcPz6nUVOIga.jpg,9
FiI8oTUE_PLwfuTe.jpg,9
FiYIazKwoYvhP0RG.jpg,9
FmTxV2zxW9A_QOJx.jpg,5
FmWnvnYfagNgJyS-.jpg,5
FpdW4axUm7rTvvGp.jpg,5
Fy7RtntM4Ynl_n1-.jpg,2
G4YA8kYlU65kXLkf.jpg,1
G5gFrVCNgEPQ5KGr.jpg,6
G6jXcy9Dej0YLw3O.jpg,9
G956mLo7WkUsKXVK.jpg,9
GEcGAlbSdD0UoBDO.jpg,6
GFQ28Uo-SZVE_ZNV.jpg,2
GHJq6QDSfHmsCdkE.jpg,9
GNea0QBvf-7iRjCV.jpg,9
GPy_MpIHGOtAvTvA.jpg,8
GVA35YnRcS6PAJj6.jpg,0
G_EXYAaGLqPtcJF6.jpg,5
GeFEXm--sdo40hVC.jpg,2
Gky5pvr5C5pSMU-K.jpg,6
GnL94XPPwqljHu1f.jpg,4
GrdIVxJ6i9boTli-.jpg,7
GyrO0c-efCuNcLZU.jpg,4
H-7R7b1tJaTNZR2t.jpg,2
H4DbP_RRNnYCJqNu.jpg,8
H5qh4ILVheKeQTrc.jpg,1
HCdbMZI-FxewLSsm.jpg,9
HD3EIvOX5kIs1PHR.jpg,1
HDZyPkZYXiFfzGYc.jpg,4
HDqlNzKFk37cI5eL.jpg,4
HJM7tcM3BHjMvffl.jpg,8
HJxxeCjXPBuP_qVt.jpg,2
HKPd2YBKSbPBpYrv.jpg,10
HNvGp_lo0CLvRjwl.jpg,7
HO6W1Aug4gvjKBtD.jpg,9
HOa3aA84aJqJQOZe.jpg,6
HPSziRfdg9vO0rGE.jpg,6
HZ9wS0DDREpZqDKg.jpg,1
HZTJFrqEUYVTWsn7.jpg,8
HZYDZ_wOO7P-8ur0.jpg,9
HeHym9Lo6KWp37WH.jpg,8
Hf_VOJNtW4lX5FS2.jpg,3
Hftb2e2ndbj7Jp1k.jpg,1
HgyAUi75nzCR-e_Z.jpg,6
HqvUVlQzW0He2e4P.jpg,1
HrFAYUX-NSeeN9s6.jpg,9
HuMcd1nIfFMo_l0x.jpg,8
I0bpbYtAEz-StIQ4.jpg,4
I1sgtftgVw_aPs9L.jpg,3
I6FstGt0E811A_Z8.jpg,1
I7xm2HCcb5UDi4Z2.jpg,4
I8cEz9UC7Hxl1xCa.jpg,3
IBdi_Sq0AOvnasIm.jpg,1
ICp6zDvkyCn6i3Ft.jpg,10
IERLR88RDdUWA_xh.jpg,2
IINv9DBw2c21YTuw.jpg,9
IKVSZHhMm-jKgSrq.jpg,8
IQKXMoZQJX4-eMts.jpg,10
IQT910n-qZo410_v.jpg,6
IQvqEQi46_dh_WAj.jpg,7
ITGMBMOLPOF-Mjy4.jpg,3
IVgr55IuLnywnYHt.jpg,0
IYBkl0VTknw42B1N.jpg,3
I_qNyCh_b5G-NISX.jpg,0
IfzfVRA4Pj6HEB88.jpg,6
Ik17LHLFmmvPBUi1.jpg,1
IkOP0vRUXQ6DaNRB.jpg,4
InDPY7S2EuzO51Bm.jpg,10
Iy9-4TXwz5celvQw.jpg,7
J-MRBc5e5VQAe9Ct.jpg,2
J33ovOgW0PaDpz7W.jpg,3
J8w2Sua5wQh2hQt7.jpg,2
JCbvoazEd5yohc3v.jpg,2
JH9OYupOfjxZpUoN.jpg,2
JIk44tGexR_q-FZ6.jpg,7
JJ2ogtwCNWLqS1uI.jpg,8
JQx1PnnXs4bNIBdA.jpg,6
JSCLR3wxwAwfiz_a.jpg,3
JUd8IiDAxpgDSRiN.jpg,7
JYuM4XgsCj2I6qSW.jpg,1
Jb-S1qWsggvkbWUR.jpg,2
JeUP7s3k6RX1Y7Ix.jpg,4
Jf1pMZAj9tVWEoVg.jpg,6
JgL3Lxvnq5HPlye2.jpg,5
JkYUbpJrg65AAX2u.jpg,8
JlnAxatfUVo5ep4k.jpg,1
Jqz0QhhpeCeDK9lV.jpg,10
JxBgb05DE2zGdWhg.jpg,5
JxMyoKmynYgMf31m.jpg,3
K-zq9vVaKtN9XHPP.jpg,10
K4gYBTamBWSk8K5p.jpg,9
K7B7xTBjU4jOK6Zi.jpg,9
K9cPClfy245mbvZd.jpg,2
KB0h7f0DGSXuIBoV.jpg,10
KBET8hYJnU84DTh_.jpg,4
KIvtjWVHffZ4iuAf.jpg,1
KKobjYlZw8n_OOnu.jpg,4
KNbgeSPRcwDmMzdM.jpg,3
KQeNtBjtw_jzepQR.jpg,2
KRIAkvOeKW-urW5O.jpg,2
KS714PtfSYf7cgI3.jpg,3
KX77Hi6ZECJTrxiU.jpg,8
KaUTU-3IMwzGRqtz.jpg,3
Kal7ke327u_dgbIW.jpg,4
KbDvj-Qf7dXt543K.jpg,1
KknJEp_uNXapiuO-.jpg,6
KodKMLklKAYgvRKv.jpg,7
KsHw1sIZ4aLLhjae.jpg,9
KsZDeSIe6ysaIbYO.jpg,3
KuZBRfx8EGIA452d.jpg,5
Kw3Nvz53ijsd07XQ.jpg,1
Kw6Rm39RXWDNDupJ.jpg,3
L1FuIXyvAEGr6YC8.jpg,5
L1fc2XMsdVqKspsd.jpg,10
L2NjaL2n_VOYm-cQ.jpg,1
L4530sbw918whVQK.jpg,5
L6R-AXsc06vEmPcl.jpg,5
L6_lCUHVSfeOOWW6.jpg,7
LE4jzOzV0jEehCpP.jpg,5
LJ3EqcwZI81f02Sh.jpg,4
LKl33GM1f7B5U3LA.jpg,0
LNTKJY447y-eJj1g.jpg,4
LPs1PogzU0EftGn2.jpg,2
LS6Pg_1CVqSQ6hyl.jpg,5
LiRKvKHJuf0LT1Eb.jpg,9
LiXF08cvIORuIHzq.jpg,6
LivY_00dlfzgUujE.jpg,1
LkYbitBJQ-EHLbBq.jpg,1
LlN4kf45g13uqojV.jpg,0
LnuYCfl4OtK1Zerp.jpg,2
M3cGWXMROdcFOYkw.jpg,1
MBmCnhomhvMMIG7D.jpg,0
MIYbj9m4Mus7TDBr.jpg,5
MOHBuoOTK1UzbpJi.jpg,7
MOddGeJtjSewK7Nd.jpg,0
MXIgGTp7i7p1qRTK.jpg,0
M_Azda3NzS9SV-WU.jpg,6
MdD58XjqvLyqsw8-.jpg,3
Mpz0XiH0pic9tfx9.jpg,9
Mq1mxP_KTwuzdQu4.jpg,4
MqbYBh84jd1ikM6w.jpg,2
Mqq2A2To-qhfMUXo.jpg,3
MrWLH33aC-XA_za8.jpg,0
MurCBDLchmWRZySc.jpg,0
Mx2Cvxfc8yqxjLoh.jpg,8
MyjhifuP-JzQA1eA.jpg,7
NBQNoxISXnOxz8Xf.jpg,7
NG_vjb7kXtjjTAV_.jpg,3
NRjzSMSJxkKRwaj3.jpg,5
NTuE_AlK61gE_BJX.jpg,6
NXI54blyfgF-_iPn.jpg,5
NfJIk8eN3KzXgPrF.jpg,10
Nwlv7GSjNoS5EwDc.jpg,1
Nwy4-Dqc8kLBh_RP.jpg,3
O-BK_nIkuqIGtiap.jpg,2
O-EhJSPYkL8031pf.jpg,1
O1Q-tou5LLPLVFEn.jpg,6
O52XBgeuiZuJnt_c.jpg,5
O9-aNDUp3Rj_wNXu.jpg,0
OAa2qOwqWbChVCXK.jpg,3
OEqBoN6-79SPo7uO.jpg,10
OF3V2eYCyJYxSX8y.jpg,3
OMDLMkqFe6C4J7fy.jpg,4
ONMX-uxRqvrGWyzK.jpg,9
OP6V8U24DAn9lWKi.jpg,9
OPClMdy5yCx1Hbi7.jpg,4
OPxcsFZmUlTHYN4J.jpg,4
OQWQIgA3OSGRpJNv.jpg,9
ORHbGpCerG3KIMTl.jpg,2
ObRW7hvb47EJS2SV.jpg,7
Od8gCAgSlIj9nNbO.jpg,3
OenHbnQPLAlJbJqY.jpg,6
OlQdnHqoWB1HXTGv.jpg,5
Os6-8yjTA1UZZTJ6.jpg,5
Ou-LBqELX6-_qBBL.jpg,8
Owi2C-zcHKG-fr_H.jpg,7
P2RxXhKyRf7Fm4Nf.jpg,7
P5htnkQaDlVrWSxR.jpg,1
P6P7TvcxIXxZMKV6.jpg,3
P7Om9AYiYQEMP2UZ.jpg,10
PADRX1wKwb_U5hcs.jpg,8
PBK6185UKs_qUte1.jpg,4
PBr94wIMtCjV8FiN.jpg,4
PBtrhSvv8FtzjMLV.jpg,4
PE7lfMOg-4E09VDE.jpg,5
PFRZtGExjdeAavL_.jpg,6
PHE-ZjPb0h3KjtYt.jpg,5
PLnQH952QtQbtLsm.jpg,4
PLsnskfYHuTekHZG.jpg,0
PS1x7c8jolhVU01A.jpg,10
PT1ZJTvAzw79T_dY.jpg,9
PU0EtVbKwqPqKCl-.jpg,0
PV-pClMVmqojMM61.jpg,4
PkSr_jzMJtBQyxDQ.jpg,2
Pm8LlbQ2rhRDxpAv.jpg,7
Po4NCiuK7w_TIZG-.jpg,5
PrHz0HwUMs97lKj6.jpg,4
PwDYuW-MH-vVG6tx.jpg,7
PzaYCJejrEInmIPW.jpg,0
Pziu4C04oi28-kQ9.jpg,3
Q12XebzZtgwmdRLz.jpg,5
Q5HZTMOlI1eUf-bx.jpg,1
QETrWUxyrlcgG8T9.jpg,1
QIIOufzLjdpA3p-h.jpg,7
QPV2st2AWMrfASgU.jpg,10
Q_iFzrdqy-BOImvU.jpg,3
QgsXGMpWq3khad9R.jpg,5
Qkl1LpRNN_NefSdP.jpg,8
RBx31kiDT9v5mhRa.jpg,4
RHyc47MvcEfxJaIj.jpg,2
RIsboCBXBWOwsu6S.jpg,9
RPLw3khplw1Vo_tE.jpg,10
RQuqZWIdjTro5xoS.jpg,8
RRKtSnKIqtUPbBd1.jpg,10
RW_TSPCuup237Bb2.jpg,1
RZHH9mMZD38qUCzS.jpg,10
R_i2JNJO51osiv2q.jpg,2
RaFol46w1nJe_kov.jpg,8
ReRAJ0ZlxW2LLgm3.jpg,5
Rf8t48Ot_xcZr-0N.jpg,1
RjfeqgwInHFviUFh.jpg,9
RlP7hro6BlcW4rTJ.jpg,8
RoRxQoRnW-3MJZ-P.jpg,0
Ru1J-IiU_i5W6uDe.jpg,0
RvPnN3sZ5TyVRW8g.jpg,2
RziQEO-CPgwTtMo1.jpg,2
S0wTaqYf15_-cQAQ.jpg,6
S1-nbmcLR1R0P1Jh.jpg,4
S8363VsH7l51u0JW.jpg,8
S8NZJaAUc9NiUKnj.jpg,9
S8iueyk7PktK6ed_.jpg,4
S9VhD-NT2S1hPswD.jpg,9
SFIMYz1cqJEbyMGE.jpg,6
SHP0n86wP_-jHa8P.jpg,7
SHeGgMFvb4g87PFC.jpg,7
SP2fGdFcw3LQLV_P.jpg,10
STWrkLEKX0hjrkRk.jpg,1
STcBEAjaJEXFL-n_.jpg,10
SdoYx154-qWqOmce.jpg,1
SeJwyGwOSx9HAA3M.jpg,2
ShI9iP5Hcq8iQZHc.jpg,0
SikkNTkOxbFXW8__.jpg,2
Sj1a0pgAovl6BuCa.jpg,3
Sm1_8r0k7M3rxF-8.jpg,8
SnxM06sxIt0v83TL.jpg,3
Sw8B8sN_cth4RSYg.jpg,10
SwR5bJddkwEyvnAg.jpg,3
T33J7H9TdmTR85zP.jpg,4
T8xBLJAQ7UdbCDnq.jpg,10
TCAKc-IJT64-5foa.jpg,10
TE-DKUhoqidwGEUn.jpg,3
TFdFuh5Wtp80FlG8.jpg,5
TGjpR4vmJOdEK80Q.jpg,1
TJ5u75_kHoWHBvur.jpg,5
TJwJPXiU4gkIVdWf.jpg,0
TK4nargLXMpDZF94.jpg,8
TKJ8N9p22i7GNi5m.jpg,7
TLEUdz0hzz31L29f.jpg,3
TM5yCitnoNI0oCPr.jpg,2
TRB2-4c7aF_vsJ6N.jpg,3
TSPGOEdItgDmUHx6.jpg,1
TgZ0-IbnxHwAhhls.jpg,9
TgrRED38ttQtUAan.jpg,6
Tie4pCtdHYIiZi1r.jpg,10
TiuWnqgt2CvHFFhJ.jpg,6
Tj_RcEcJPTGSOxBo.jpg,7
Tk8z9x8auXYPn2BM.jpg,5
TkjZ8H-0e-FdSJlc.jpg,9
Tm6Hn7iR3Wjg7tt_.jpg,2
TrT5pFQ1DnsyWpff.jpg,10
Ty829M-Znv_sssa6.jpg,9
U4glu4-woAqyVjbT.jpg,5
U7qhu4k7AL_YI7Tq.jpg,8
U8YrcltM0XtjE9zf.jpg,5
U8_5TQEjPrbMKnbT.jpg,10
U8qLDx94zVkD0Tpv.jpg,8
UHBqEzoMxq4iOxG5.jpg,2
UJKD2orDb8NszHj6.jpg,9
UQ2wS1PLYGtWua9Y.jpg,4
US0WJLDat9iKEZSt.jpg,9
UUcyqkNo_HM-ebWC.jpg,1
Ud5dD3kO-4cvU63l.jpg,2
Uh3K8IJ7jOaUBOnn.jpg,2
UiF3DWjhO874WeUZ.jpg,9
UitK8Bv_7-82mXW9.jpg,4
Um9yLl07K0m9VKDH.jpg,8
Up8V7gDbLdQAftnL.jpg,9
V1b_fTkscLmdC5fm.jpg,9
V4FZQe-av52h6r36.jpg,7
V8LtFKuhxO2R2xQV.jpg,9
VAwZfn-zWA24rKDO.jpg,4
VBHmezUHUSzaiWCg.jpg,1
VMbGXaTIeyEij48h.jpg,0
VODvvMnkm1uQQZxL.jpg,7
VPbTPBr1CwC3UEwD.jpg,5
VVBR9uONcW3hxuVf.jpg,5
VVVEDQRhhPz2860r.jpg,6
VYcBYxPHBp6lYyP4.jpg,6
VZFbeyxPwe_yViPW.jpg,10
VZVbQ0RFtN7bROZX.jpg,4
VZgsVTsNPERD64d0.jpg,10
VbcTerWAiecU-_T5.jpg,3
VcdD-YWfLw-EKRP3.jpg,8
Vhdd3_zb0x11aZYh.jpg,3
VlKdd1eUZ5AEatmm.jpg,7
Vm-h4P2PQJV15vPW.jpg,5
VnOMWUc72TX9z5h-.jpg,3
VrBfBAIWp6WFJT7-.jpg,8
VrWC9y46bFXV-mzS.jpg,6
VrcewP8zC-loLPJ0.jpg,7
VuM1Bh6cjTQl60u-.jpg,0
VxZa9MutAOUc5zvc.jpg,9
VzoQaO-_7DZHdQ-o.jpg,6
W72PD6YAcouB-FiL.jpg,4
WE23pC0zk73JN07W.jpg,3
WFgph1pN8UahquY-.jpg,0
WGcnmtvUrXzMbkns.jpg,0
WHGlrlBuAUAuTng4.jpg,3
WOh_n4oB_wubjlW8.jpg,2
WSAuWYS0XgwjBhbB.jpg,3
WTRQ7oLsXbkaq33M.jpg,7
WVCXBERw6a9b6Q5G.jpg,3
WVGcjDpW2TON0ZZo.jpg,7
WfoB2I6tgIB8e3j8.jpg,4
WgXMyPXOcHO09hzo.jpg,6
Wkf66W7HTyTSJove.jpg,4
WnBfoqZVMzOOr_bk.jpg,7
Wq8diDtBqWfuVNeG.jpg,0
WtB9uciQZvFdfLRI.jpg,1
X1BNRo6JevZnPXAJ.jpg,6
X2FG6CyQQk6oftMI.jpg,4
X2f44zJsoiFXBnJX.jpg,8
X3WEspkGdJVAMBKq.jpg,6
X6C_LM_cpryt5nNd.jpg,2
X6wq174aw9BmI2SQ.jpg,5
X8wXu8AqxMPXBy-y.jpg,5
XAJsLkUzSaYW5g4n.jpg,7
XAPrsL-d-F2c17Sa.jpg,5
XAuCdsmCyucewD3m.jpg,0
XBH3yKbU_jAIVZF1.jpg,3
XD4ImTdc7O3__7zn.jpg,8
XHOLg02yITULLjiY.jpg,5
XMdt6Ijf0M5DFBOm.jpg,5
XMe9zNbPW6pR_pDN.jpg,0
XMzgeoHxZ0O8Oqec.jpg,4
XNpEa7TcEEuzutsi.jpg,10
XO4WRpylRilw6xmB.jpg,9
XTVQW3n29Snx_Vim.jpg,0
XUBWx5t5bWSp7jZT.jpg,6
XVuUX_8JXbJki2A2.jpg,5
XZxXEnpHGNKd7Pl6.jpg,9
XjknCRHoUaihjA8M.jpg,5
XlysiFNkOvyooI4L.jpg,2
XmBFnq-HsNw8TaGh.jpg,6
Xw8PMrBRWu-YzkS_.jpg,1
XyxOwyfX3LYAluoa.jpg,7
XzAw22prrpETudgg.jpg,9
Y-US858g5BH1mXMo.jpg,9
Y3wq-Lx75bO_987A.jpg,10
Y4bmKMgtWyTpaehI.jpg,6
Y6RabkpuTC-eNL4j.jpg,0
YAdlfMsCUe3w5l6Y.jpg,10
YB7WU1m-kmDfhjrg.jpg,10
YBBD3k33YPQsUH5E.jpg,10
YBa48SccnEnLeJQT.jpg,3
YBdovNpgKmc08J_D.jpg,3
YH_dv-yZB5V6uQMZ.jpg,3
YLduUB9y1fOlVU71.jpg,3
YOewutgnKiBHRZZY.jpg,8
YSUpek2x2hMnaCM9.jpg,3
Yd3OX4adbFpYPRLX.jpg,0
YeecROr50l0eQt-K.jpg,3
YfDiAmnqvM-I3ZKq.jpg,7
YhS8lmqlwA9kf2TE.jpg,7
YhvuFNaZ9HKsrHRV.jpg,3
YsUW5vslxYTsHPcw.jpg,3
Z1-Lxtn08bhoqwCR.jpg,5
Z4CK3eZU0rpsAk8R.jpg,0
Z7uelPbw9UgdYjUn.jpg,8
Z9l-a5dsMn3873Uu.jpg,0
ZKTwUoZYvxtbAb_j.jpg,6
ZLnZ4eNyNsqibVtf.jpg,7
ZNBFMS2CV5K495l8.jpg,0
ZSQwF1Me-j5ZV_xL.jpg,4
ZTt0xOx48oLI_VEp.jpg,5
ZXrLU3okF1vwew2z.jpg,7
ZcYYFHwHwiBrCC89.jpg,5
Ze29sVAC_KGEUJTr.jpg,2
ZeE2Mv6WtokRebQp.jpg,8
ZfEJABLz81gEJZFL.jpg,0
ZiBKN7k9qgkz6CmA.jpg,10
Zllc49cjw1kCJDSB.jpg,8
ZmuY2cJEwrOjTSYH.jpg,7
ZnGd2r2hEVFMG-Bk.jpg,5
Zoj7yt6UdsOpukfS.jpg,0
ZqyzTOdr9uAGxuhU.jpg,5
Zr3a8yi9rAEUuGhr.jpg,9
ZrRbpcktuj9GWcIK.jpg,9
ZsP7dO1ZXae9vIkb.jpg,7
Ztq2OCiRKeqiW0cF.jpg,2
Zxsti3rf-tUeXFZ2.jpg,2
_-_K2eqZhHDOwZvh.jpg,1
_4IrR0yhl21gQJC_.jpg,5
_5YFxLhFwGYSIgsc.jpg,2
_6skJ-ev8mdRVvGB.jpg,1
_943MVifa3ars_IH.jpg,6
_EBUL7Spyo_V1jy1.jpg,3
_Hcb145r4APSCmQc.jpg,10
_MrqzvbI3-MGeKsd.jpg,9
_N-x7yIPgyWzJU2G.jpg,0
_QL6CiuXlIIb-JY2.jpg,6
_WajlMwUDtI3lsZS.jpg,9
_Xrx9f_4DZKreKSA.jpg,10
_e2mVi98Mcn9Vn9l.jpg,2
_eKDb1gw3WzE70mj.jpg,10
_eiZbeEPqC2MVHff.jpg,6
_jAG9GTzHxnUUi60.jpg,10
_quX9iNaxeDlgG71.jpg,8
_wrz8lr6uTXldAzh.jpg,8
a2-6Kx2APx9LetQG.jpg,7
a32cAtNzr4M-j8s2.jpg,9
a70IODXn9p1F_-n2.jpg,8
aBcDR-tXIGQ8KoGQ.jpg,4
aGBcax1l33c15uZP.jpg,5
aKMK_7dmFb9DjbY5.jpg,0
aKoXOOoNaXhG4WSj.jpg,3
aMKpGFE6QdAmQuHf.jpg,0
aNtYH-q_he2rYgqQ.jpg,10
aSuel9dbdVIfSC32.jpg,3
aU1gwjoz-WiHgm8N.jpg,7
aVzEkjO28rYHfOCV.jpg,0
aa8_Hh3jAu8EBnP6.jpg,10
aaGLoqAf8c419-KO.jpg,3
adVJJzrkhgxRvCSg.jpg,2
akVo4ymIVkxhZa8k.jpg,2
ar8b2a7kKNCOluzW.jpg,8
at0bcsBmmbc5ETLK.jpg,5
avn76kWZr1qLTEP5.jpg,1
b1zHYAw1c1-ac1IC.jpg,7
b5pHQ84NKTffMCPQ.jpg,3
b9btDG_EA5qFpnYj.jpg,0
bCU-9BhPB8iM-PTp.jpg,2
bEEMuhdWjLrV0ed4.jpg,3
bRgLHDmMAM5VprB7.jpg,2
bUgPq3yi__DQIM4P.jpg,2
bX0OLhDYhqRuNhFm.jpg,2
bYMWcWETne4kxkYh.jpg,7
bZwD8zUZ4GM-WRpo.jpg,0
bbXO-TCuSME42gWD.jpg,0
bhqQRaSmg_VAs_Il.jpg,3
bixEQqZqNXsYx9Ao.jpg,6
bkuSkFsVDBNPcHb2.jpg,4
blC3wcN23ENbkTDp.jpg,8
brm_rdPY1myLMAfe.jpg,6
bsnF7t72aVPEwp2W.jpg,9
bx1_wH9vFhqvQcV1.jpg,6
bxg8Zt-oGZsnneAm.jpg,10
byCNff2jRr5PwqPc.jpg,3
c3bDajyBbdMRMUxz.jpg,3
cDvaq48VqszcNORL.jpg,4
cE6WMpv0im6KGFaM.jpg,7
cO9-3epDeWkqCmUt.jpg,5
cTrm9LIeuzOpV26i.jpg,9
cVEfOHA6TBRkwaqD.jpg,3
cVnncGaXQqYAPchj.jpg,5
cXVBhsBaS9hYymZz.jpg,8
cYhK8AwDi1JBEL1q.jpg,8
cdQHHAGjCiefjmgl.jpg,4
cdxFr_oCh6akvhD7.jpg,8
ceLK05O6ijwYV1bV.jpg,0
ciWWzM7x-Aykcfyh.jpg,5
cjAOGXY-Dmif2zxy.jpg,7
clHC_kJrGbuebPWC.jpg,9
czx1KSd1l5gWTtw3.jpg,3
d2QfAVdtRHTgmvgx.jpg,5
d3PQyYrZ7rjPUwEq.jpg,10
d6B7auIGqaqkcUcT.jpg,4
d7KGsw5tgJtcJtyL.jpg,4
d9I-S4LprrdlidsU.jpg,1
dGZ2uA99tK9HbS_e.jpg,5
dICxk2RnbLig789P.jpg,9
dIbXW98MAkE1J9n1.jpg,5
dJYSzf3kCWqn3XuI.jpg,2
dQ2YNm3SkSg-1GMz.jpg,8
dS52D1B7bgjV_3D4.jpg,9
dUlAvnOJhTVSiEYF.jpg,9
dV32SyY2jduZNFsN.jpg,7
dVcbQ7QfhVgYed2V.jpg,6
d_cETczNPjSPfLAl.jpg,2
dawIjKI4aUPa9sIF.jpg,6
dfC0iEDHkgt8vcpR.jpg,10
djcamuifUHzWGChA.jpg,4
dl_J86axaELfdTKr.jpg,1
dmtYOAS4aQeAaJ1C.jpg,7
dobA1omUtPz0K1sd.jpg,2
dog5g8is9XWbWOVv.jpg,0
dvSG_52oN3DJu-ts.jpg,9
dyvHqst4XWp32xAz.jpg,1
dz6vI-cFBJxae0JE.jpg,1
e-bPwq_oHrxLc8_0.jpg,1
e2uRX2ku2YKOUX6A.jpg,7
eEJ2_FgI8KeP9MQ-.jpg,10
eHwxnEn9FqPT_8UC.jpg,9
eKIFdpuPWWbLLTrV.jpg,0
eL2f_9A4KHE0eInr.jpg,2
eN6olfwO0xoXM88a.jpg,10
ej5R6MSbhkTYPgbT.jpg,4
eo1qYOE4yMBs0Xws.jpg,1
epYXUX--3wJbp82x.jpg,7
es0yPv2cmWsWCMSE.jpg,8
es2XIP2ccHmkSvRQ.jpg,9
ewSs3XS-c3YzQ9CF.jpg,5
eyfOCwbdrZvkGTpa.jpg,10
ezq3lFXlc6s811Xk.jpg,1
f5jDNl6nuiFvujZy.jpg,1
fH5scO6-q_d2BM9F.jpg,0
fL1Hah8gKM7VtbwC.jpg,6
fPpmrkEJCpiICCOS.jpg,4
fz9DpEohmKPmYVNi.jpg,1
g0o_ZHqlvyJQu6sw.jpg,8
g7CEv40pMDMKOiNb.jpg,6
gABGT1CoWD8CER4a.jpg,7
gAaWF9fQrP0w30Bm.jpg,7
gBMkEesrKZ1CWPR2.jpg,8
gCkCYLqmXvPaJe8i.jpg,1
gD1cZ4DxzTbIUfA_.jpg,10
gDNEilJat25x79y5.jpg,1
gEbe4a0ao-ut8nC5.jpg,1
gGDLejoVpSGX9hJ3.jpg,5
gHdJKoD0LdK0l1Q8.jpg,0
gKN29l6AcENpxLdn.jpg,10
gS3ZLbf2yRSmC5AE.jpg,10
gSlvDkV1qPy16_tO.jpg,2
gT5VQky6qwdeyTOs.jpg,7
gZK_vgNYF-X_PMyl.jpg,8
gb9MdCei75EcYp-t.jpg,1
gcMP5xJpxGzWy32F.jpg,1
gcPVRtzhvbo3CE-6.jpg,1
gf9J6KBZ93RPXoIq.jpg,4
giJ4T92mTGkLdBul.jpg,7
gjjp7UUF3Sn1pCKq.jpg,9
gqO4xVtp-a4in7Mn.jpg,8
gsSj-hoM4W9YVmsr.jpg,3
gvRgGKhT3X4NaIaO.jpg,10
gvvln0OIQgGamT2P.jpg,7
h0MkS8ictRE-qYCr.jpg,3
hEWHqSQL-O4YYCb9.jpg,5
hKLKV9v_IZuSov-P.jpg,8
hKUc-GDD134AmAUr.jpg,6
hWZN5vl_Y_c8nqGa.jpg,8
hXx535BVnPx5vIPw.jpg,2
hZuQK47sZvYDjoI5.jpg,1
hb4jg1RSse_3t3kU.jpg,7
hivAAcGProj-Kf59.jpg,3
hroXa7nYoElasU8X.jpg,8
hxkUYq1Y3GPz5HwP.jpg,4
hyudCSy8n6lvubGx.jpg,10
i0ELKUNiwHiallQG.jpg,1
i39xBp8eTpzh_S5R.jpg,2
i3cOs7pjXUxdqE0h.jpg,6
i3jCCygYc4SiipEf.jpg,0
i7KEpiRUSbsf-PO8.jpg,4
i7mHVw2AVgMHcjOr.jpg,10
i9mN00ODPA_6vwS3.jpg,6
iGpPTHFWFnfAgvGi.jpg,5
iJuvTGJjf1_S4WAV.jpg,10
iK-gbcFfVex89oBZ.jpg,0
iLeb0nSuYlm5SwJS.jpg,6
iMeEPgyLb-dOJRps.jpg,7
iPNgnDIwJmsKPTVI.jpg,2
iT0_5lP2HiAvmjBX.jpg,2
iUBylvH05TBCD-Pl.jpg,7
iWEAiMiGJnq_BJHZ.jpg,3
iXWRVPCoNKq56HeA.jpg,8
iZZ4sGt7iNkj0w_G.jpg,6
idUMZESXmE75l8Lp.jpg,2
idfp7natdejZVx_L.jpg,0
ihUBgkCEorEBWi0V.jpg,6
imHDFc9w2o-hsws4.jpg,6
in51JrYky2jW8-Si.jpg,1
iqUiwh_twmh48rVB.jpg,9
j0u8giLVqgGIfKcJ.jpg,1
j5JyyAvwBr2uWues.jpg,5
j6i8xE1cvcpfqevL.jpg,7
jAQGvL7r9Wi4mp7k.jpg,2
jDPKQkCbNRvDRQGT.jpg,7
jJ0GN18yZjjKc00-.jpg,5
jLP5RFmES80HnW3X.jpg,10
jUDhcx1LwKuJyjkm.jpg,5
jVcyrjfOIL01V_NX.jpg,8
j_ov3-BfKiIF-Odv.jpg,10
jcc8ZHFs11r9x6ev.jpg,3
jdlZXmSf3Bj7YrUX.jpg,1
jhy6C56SNOEd3B2d.jpg,0
jvRdmWcK7sjL0gT7.jpg,2
jz8wG4gotiG2P1t1.jpg,8
kAWhOMMDGZno1gKD.jpg,5
kCbW5yT4YwOjrz9Z.jpg,7
kGW49xTLTmAH7-dZ.jpg,8
kLSK0hTeo7Eios-l.jpg,6
kP1m6OfgxvqzP_jH.jpg,4
kRX3rKsX8tDjYY2_.jpg,3
kVBal-DyEbHtI2y7.jpg,5
kWbMUxGeQwUQndCp.jpg,10
kYyu6yuyDk7GxYfB.jpg,4
k_1Jpq7J3IdOfHWl.jpg,3
kcSw_pOBefUV8huz.jpg,9
kcchX_xctTciA38A.jpg,5
kmWRBkTlNoFIfUB5.jpg,3
knctHvqi8Bk1e2RT.jpg,4
koYyjY5JLKpsRnGe.jpg,1
ktXA0heFSXy1sTHQ.jpg,2
kuIsiy0ygleQ1_h_.jpg,7
kw_7vRHn6Mso0R5N.jpg,1
l-qX_MLDuHlR6NRE.jpg,5
l2yk5L_yIqD7ks59.jpg,0
l44TxUUj_s0pF3MJ.jpg,8
l9Bk5VXQmM8d26t3.jpg,0
l9d8ONvlW0IWj2Iz.jpg,1
lENUBBuzOk-2ytul.jpg,0
lMbT3BMbZSrboe2d.jpg,3
lNn04ALTGMHQrAzw.jpg,3
lTPnJaJP0_3IpRQ1.jpg,0
lXq8769zRWSaHwq1.jpg,7
lYOmpuqUI9MEKCw4.jpg,0
l_7yvVHmY_venrbd.jpg,0
lcQuJpLnai61obSk.jpg,8
lh1P5_mvsibO9vKZ.jpg,4
lhVjUZa3Ewl8cg5Q.jpg,9
lo7tegsQ5uuVJNuv.jpg,0
lovgPqTavpVaI-Cp.jpg,10
lqUe8_y45YVg7x9Z.jpg,3
lzpMi9u2-hK80Wwz.jpg,9
m0F2pe6AW0Lk6xpd.jpg,0
m0OJ95NJImCETPIA.jpg,7
m0YodyzUZ_FxXMNe.jpg,9
m2neIwIuNy_ue3nU.jpg,10
m4uis2bVeFOFE3tl.jpg,8
mAv3fcd_OXHLFI7V.jpg,7
mDuH45cwUTYpZPXq.jpg,4
mKVKnmiV29EndroL.jpg,7
mMOT6I86w5xv1lIv.jpg,1
mVoLD0Q7TNFcji8Y.jpg,9
mVr-EhdaDlS8cw1F.jpg,1
mXVCGhxFVFm3UQzM.jpg,6
mZ85OqnzeY3bElLC.jpg,4
mbB0GkwmYMFfELpN.jpg,1
mc4UFdKIAuzZQdGR.jpg,7
mcq-ee8CM7ysdryF.jpg,9
mjIUfbsl2fxQnApA.jpg,6
mm9bY2H6iGn-pTiE.jpg,1
mrjB1xj7-Ztlz4hu.jpg,3
msIeP9LJeUlejVN9.jpg,8
msf7r2SMbcfWQhH5.jpg,6
mtg-EF9GBDnUeKws.jpg,1
mxAyqDI78Sshe3nR.jpg,6
mxLcgCmWhcdESBjW.jpg,8
my8jjODNU-UZDn_m.jpg,7
n08fRXHtTSUsaal8.jpg,1
n2Hy6XY5dTyiLK_i.jpg,4
nBLqWe8OqQi_LsVf.jpg,8
nITVWpyeTVveHQ50.jpg,8
nIXcxGPVhxrA-UDu.jpg,6
nNDyAlROhT0ROePQ.jpg,7
nOV4-JklUvxd2zav.jpg,2
nP7BZdU8iYX1pSGp.jpg,9
nPaDFUdDhncqnkyW.jpg,0
nU8Lg88_z1TjpS0b.jpg,5
nXxymLiyMsz75st7.jpg,0
ndDHO9nrj2wucyec.jpg,5
nizhfa1ZCTVvOmsP.jpg,5
njUcRRtmO5dHdQTe.jpg,1
nmpTiijT1cnJXRSL.jpg,0
nq3P6g9WeRUmShaX.jpg,1
nqlwSrJ3HStZzYmW.jpg,6
ntL-gnmI0NCHl9Oc.jpg,3
nv1SGwWvRw9MJu2k.jpg,2
nws25twa280bgL3_.jpg,3
nx68Uii-bw8LNZAa.jpg,6
nySap6289i8P6vBb.jpg,9
o08idUAfuSEOo4UA.jpg,6
o12TMnXbEHffq95h.jpg,0
oA21flEivhSwJdnS.jpg,4
oB8MA-Y6-IsnrBA8.jpg,9
oHG8v8mNTR7xCwI_.jpg,9
oIGGo4fPfK5TYEpO.jpg,9
oOmM5Ad5l33A_ifr.jpg,10
oQeHlJXGGC98n7jb.jpg,4
oWxS8OqIlrK0I_46.jpg,5
o_2eM-ZMaHp-TikF.jpg,6
ofDBNlbHTD10Me6Q.jpg,1
ok0Q3X77GzRg7wU1.jpg,2
omecYj6yFieFlfIf.jpg,9
omg6pabR8T1_ew5X.jpg,10
onGf9nCIuJNyKknE.jpg,10
oo9vhAS6Wa_bUoG9.jpg,5
oobkSPiD0NMUxN3S.jpg,8
owKvCwp-juXtfY-_.jpg,6
p1AzWdfsZsgSIeA-.jpg,4
p3BAcURM63biMoqB.jpg,7
p6ChNFhEmUAesMau.jpg,10
pAX5a10ohkvU7BHi.jpg,7
pEPO0fIMQ-cRNPNb.jpg,3
pLzyJuuOjH8Gfte2.jpg,5
pMdA3vGekTkhi-dS.jpg,10
pOUWBTwuH_tt9CMX.jpg,0
pWNDKkL3VQLwE3Q1.jpg,8
pYU92SrPUxNeGWf7.jpg,7
pY_YYA3Autz2DtZK.jpg,7
pc3_f0vkf_HAZW3G.jpg,7
piOM4k8yzp1EZ-ZA.jpg,7
pv_2aVLp6msCGC8t.jpg,7
q6PYenhaMC7lIWDQ.jpg,6
qFXaZHrYW8jfI2j3.jpg,9
qIsIzxmDvKSQ24Ta.jpg,0
qJ93bSdXoCYVzcjA.jpg,3
qN0ju_xLlZA2DHSt.jpg,4
qPfttCdw5YRXMi7G.jpg,7
qRS21cSbFMv-lvFJ.jpg,1
qRW345WPPPrm1ZvY.jpg,2
qRgWorx3YXKtza7w.jpg,2
qSTsgxqJixo1_evo.jpg,5
qSu93dO_-jHwPoVs.jpg,5
qWB9FU_2M5Npt9mh.jpg,2
qZud1QeAmFM5jiyx.jpg,4
qbVhTKmWs124-M8t.jpg,6
qbY2dTtg2GQf2-_G.jpg,8
qf9OjIgUxnnAgxi2.jpg,5
qiu2F3OnTnWMq0Gp.jpg,9
qk4cvFRAQI-q6u7i.jpg,3
qlI9b_1jWkDxtsu4.jpg,8
qsnIwJ8Lk6XA-3B4.jpg,9
r4AT5d32mcpAtcnK.jpg,4
rAJumI_8dZ1ek2yY.jpg,0
rST1D3mfG5MeN_rY.jpg,7
rUt1UUSW-P7knz-U.jpg,0
rWi_I3L5B9ecydZg.jpg,8
rfvMSP1YF3MzL3Gn.jpg,7
rj11DRXFAGvAP-R8.jpg,7
rk1ANdAmbZqUCRJB.jpg,5
rla21cCelR-whkuZ.jpg,6
rlrqZ_1V5XokpvFB.jpg,3
rmsFT0m-h8jSZiVy.jpg,3
roIFcUnPtLkby6ln.jpg,3
rxUWTe2oMXKSu6ew.jpg,8
s1HHYajRPukbpJOt.jpg,6
s1OGaLZDojW0_yOs.jpg,1
s3q1thSoIN-BPJc8.jpg,10
s53hlyMASO47vzzG.jpg,10
sAn1cXKLK30mV6qA.jpg,7
sBVLrKWXWo8eA6y5.jpg,4
sE6aIpsHrjjDX-RY.jpg,0
sG1LmHxDAKFQ2lIf.jpg,3
sHC-HZm43RctpusI.jpg,8
sK0xt7-AtmpRfhm_.jpg,9
sU8sdVk9KueXGiMU.jpg,10
sZJWJoHIBUlzkmyh.jpg,8
sdFzBA7_1ixO8gjz.jpg,1
sdX3rXLII9j7u8hK.jpg,3
siOeUAHLm93xqjFJ.jpg,7
spg5tn-LfCTyJZA_.jpg,8
sq8kDLUeGmOSCJK9.jpg,6
ssFrwoTFHWJpgWZS.jpg,10
stKyc_1y_78sqNuZ.jpg,6
supba0NSEkCMC3pK.jpg,0
t-UVsvZrtPkghHef.jpg,10
t9vC5aFr5R0F4V92.jpg,2
tBH8iLHkS07hvUt9.jpg,2
tTzaWxjpJqEwVQXU.jpg,2
tU9ur3PkOChW0q2t.jpg,7
tUTRJ_kwJusErk46.jpg,7
tZmpdNd8m6dqQTzD.jpg,5
t_HMg6gD_5mIQjLN.jpg,3
thITCvmf_Z64UdON.jpg,1
tiY6In4l2bzfWQwO.jpg,5
tkv3aaTF6K_N1kgW.jpg,1
tw-GKDyeTk5kezVz.jpg,7
tw7okElcXPX5HzVR.jpg,9
tzR3LrIQcmEHreDK.jpg,8
tzugQueaJgKYEMUI.jpg,3
u5TAQhQ1fqBI8RkZ.jpg,2
u7wt7vNepU3Y9Rnw.jpg,0
uCci6VYkjJhyjn9W.jpg,0
uEHl9M2d7rVhdtad.jpg,3
uFwGHuCVnJkMnp0R.jpg,3
uMReBDEhW6FRWyBk.jpg,10
uScS9RhFGGaVSlLq.jpg,6
uT9LxBkYtePPznfn.jpg,4
ua1iaGvAvEI4nD0H.jpg,10
ujWtug6rJknS-d7U.jpg,5
um59MAgGzSa66ClE.jpg,5
utzaBE3Uzu_5pS-M.jpg,8
uxMzob_Cp3U-MpjI.jpg,4
vBUF8z0BcsAammm0.jpg,6
vBY0Id3Gn9Ix1COQ.jpg,9
vHvD1IVPJv0_kLQ6.jpg,8
vOaHE3HQdFdLb6ds.jpg,2
vQt7NMFX1XDQCre5.jpg,8
vY5y0SVlnp3Ij_7u.jpg,10
vb25vGkDhEzgoipr.jpg,0
vbj03yg5ugbiznXs.jpg,4
vsNw3UGfurmu-h4A.jpg,10
vs_k-x9YWg0XqEmZ.jpg,10
vtGFHaFGlIZpUrRl.jpg,0
vuBkV63NyZU7FT-y.jpg,5
vxanRptLHpXKbvAn.jpg,0
vxuXhSvbvMYvnIlC.jpg,1
vzxmLoHJECVNy9Wn.jpg,6
w0cTE88uz-vNnQZ4.jpg,4
w0s79lXpzQHBmtZ6.jpg,5
w1tqzJnV5-VpiDgZ.jpg,6
w2dfNV1k201nR2ge.jpg,2
w4VcB-DyaepKwvXP.jpg,2
w5vEEFlS3lFPm5sI.jpg,10
w9Ilrao4fa3O-Tio.jpg,4
wE7STTIbwpvN2PEP.jpg,3
wI3skvKN9AiEjayU.jpg,0
wLegit7cDmnkf2DH.jpg,9
wSuKuyTAKmLGHcCs.jpg,4
wW89_TEAcmGf0Etz.jpg,10
wZ4NeMY84gNlCDpr.jpg,1
w_c_9AR1lzKtzfYT.jpg,1
wa53iXvIZGngp9Vn.jpg,7
wbuEfrklUCEUqOt9.jpg,3
wcEb3oJKXmhXqMIr.jpg,5
wetEtOhF50A3JAua.jpg,6
wfuYmjsaXC_wILj0.jpg,1
whEat-vWogjHt7Sh.jpg,4
wj6Mj6IkKjxIUtRt.jpg,7
wsuZmDVWyPS-by-y.jpg,7
wxQpMRU_EyeN7i-R.jpg,3
wyYQI_WtJfVKD7HY.jpg,7
x43XSh2kW3QGK-RD.jpg,3
x72C6v6CmFmJMH0w.jpg,5
x8FyE6_bOwg7G7Q4.jpg,3
x9d4Eyn6Wds9vF-0.jpg,2
xFRjBt8ifeQ1sp57.jpg,8
xGkLZGHjQ5XtAIIr.jpg,1
xHD6AFjqA6v1OlOy.jpg,5
xIMnBVheW9AlpWVK.jpg,5
xJKkUk1gxfbkQ-2M.jpg,4
xPcB9c3nPHnhIlUv.jpg,1
xPmrD2ckamgS1N-t.jpg,9
xS6XlTKz_OjKJwCZ.jpg,9
xT-PnYpObDpibbGq.jpg,2
xdA7kUaPkkqKUTqD.jpg,10
xdQMEC8OTTClC3Oj.jpg,7
xekioybNKPtWUEM9.jpg,5
xfbcSCwi57nuDjk4.jpg,0
xg0hL0ztK296aEYK.jpg,6
xlY6lh0KzzN1HTMz.jpg,5
xpq9VfV1aoOb5OUL.jpg,2
xqg2E7qxt5GHrTMJ.jpg,4
xr5Vf6P5lbQ-3wJO.jpg,5
xvNar69Vluk5OKtT.jpg,7
xz9l6AmBBb1jd1uO.jpg,5
y-HuFuJLBfUUmFGE.jpg,0
y2UysldkWYyr6YS-.jpg,9
y7f5l443vxKhB-uW.jpg,9
yALM83DNbyJuWkJ2.jpg,0
yC36dbHLbcH_meDb.jpg,7
yEvyNhqmIj-dbTd8.jpg,2
yF6-9Cwob9XnvYF5.jpg,7
yH8TLk1w63p8U1Am.jpg,3
yI7qyDr2DKe54eLb.jpg,9
yIDG9HpVcaHgjAlP.jpg,8
yJ1VY2z3H1zAMSdT.jpg,5
yNDNrSwcEW93uV6L.jpg,4
yNGFEdAQx3_P7vd5.jpg,10
yQfEqNTDiVohjN-Y.jpg,0
ySa3Lyc-McY2OgN9.jpg,6
yUNBfde8eHwl7tem.jpg,5
yatFqMO0FY8UcIyi.jpg,1
yb3Dxd_aATj4YZ5Y.jpg,9
yb4lfB43-hpQzwox.jpg,5
ydqaQ-CAmIYWbZCs.jpg,3
yefQmCWeOCpiTf0Z.jpg,9
yfZJZlmwienTOaZ9.jpg,5
yfhmGOpyv6WoXCkd.jpg,5
yj2hvlU4JOjm7mkf.jpg,2
ylOFB7-JDrPQbrrh.jpg,2
yvZ4dn6d5fmtM0eZ.jpg,5
yzP8WxtTFZ77pboR.jpg,5
z0z-8G8WHM9xC6-k.jpg,9
zAAYOBSN8fIRIph2.jpg,7
zE4DYWXNYjcT8fSW.jpg,3
zEvRRLta_X22a50i.jpg,3
zGnOzlmo2hL7X9t0.jpg,3
zJg10nstRzzeylND.jpg,4
zMEAWihP7e3rSss-.jpg,7
zMseIbmPEuVPyBn8.jpg,1
zNIgOhLGUPCyp7vl.jpg,2
zhzjJeI8FwQDZQCE.jpg,1
zizDow_ExDVnz9QS.jpg,2
znpJGKcXxvmOU_nK.jpg,0
zxGrP8vp5fnXR5PM.jpg,9
